{
  "feature_dim": 200,
  "input_name": "input",
  "output_name": "output",
  "epoch": 133,
  "val_auc": 0.9559038474940489,
  "val_loss": 0.29528681808875856
}